player,comment,media
romelulukaku,Ready to go. @Inter,instagram
romelulukaku,ğŸ”¥ğŸ”¥ğŸ”¥,instagram
romelulukaku,ğŸ–¤ğŸ’™,instagram
romelulukaku,Meraviglioso,instagram
romelulukaku,KING IS BACKğŸ–¤ğŸ’™ğŸ–¤ğŸ’™ğŸ–¤ğŸ’™,instagram
romelulukaku,"You insult the great club of Chelsea, itâ€™s good that you left On a loan. We donâ€™t want your petty disrespect at our club anymore",instagram
romelulukaku,ora devi spaccare ste cazzo di porte.DAI BIG ROM ğŸ–¤ğŸ’™,instagram
romelulukaku,bro...with all the club's you been to it's hard to comprehend that you a few trophies to show for it..that means it you who is the problem.. please don't come to Chelsea.. you never fill drogba's shoes..its an insult saying you were the next drogba,instagram
romelulukaku,"Don't insult a club which you still have a  contract signed for,  you could end up returning next season",instagram
romelulukaku,"Chelsea worst sign ever , we don't want you back to Stamford Bridge",instagram
romelulukaku,My word,instagram
romelulukaku,ğŸ¦ğŸ¦ğŸ¦ back at it,instagram
romelulukaku,97 Jay Z ğŸ”¥,instagram
romelulukaku,Bow down to the King ğŸ–¤ğŸ’™ğŸ‘‘,instagram
romelulukaku,ğŸ ğŸ ğŸ ğŸ ğŸ ğŸ dead player anywayâ€¦ we are glad you left with your lakaka touch,instagram
romelulukaku,Shiit Didier drogba ğŸš®,instagram
romelulukaku,Thank you â¤ï¸ğŸ–¤ ğŸ’™,instagram
romelulukaku,Romeluu,instagram
romelulukaku,Return of the King ğŸ”¥ğŸ‘‘,instagram
romelulukaku,ğŸ–¤ğŸ’™,instagram
romelulukaku,I actullay canâ€™t stand this RAT hope he never wears a Chelsea top again! Worse signing in the history of Chelsea football club. Was nothing but a bad virus when he realised he was not good enough to be considered as elite in the prem!,instagram
romelulukaku,Small club player,instagram
romelulukaku,LAKAKA,instagram
romelulukaku,ğŸ–¤ğŸ’™,instagram
romelulukaku,Lakaka lakaka lakaka,instagram
romelulukaku,Shit footballer so overrated,instagram
romelulukaku,Non vedo l'ora che Ibra ti spacchi una volta per tutte,instagram
romelulukaku,ğŸ”¥ğŸ”¥ğŸ”¥ğŸ’™ğŸ–¤,instagram
romelulukaku,REğŸ–¤ğŸ’™,instagram
romelulukaku,ğŸ¤¡ğŸ¤¡,instagram
romelulukaku,Ben Ritornato Romelu ğŸ–¤ğŸ’™,instagram
